PLAYER,TEAM,AGE,GP,W,L,MIN,PTS,FGM,FGA,FG%,3PM,3PA,3P%,FTM,FTA,FT%,OREB,DREB,REB,AST,TOV,STL,BLK,PF,FP,DD2,TD3,+/-
James Harden,HOU,30,53,35,18,1958,1867,536,1222,43.9,243,677,35.9,552,636,86.8,56,285,341,391,233,88,52,180,3049.7,18,3,273
Damian Lillard,POR,29,54,25,29,1996,1594,507,1102,46,212,539,39.3,368,414,88.9,28,207,235,429,158,52,18,91,2571.5,16,1,47
Trae Young,ATL,21,52,15,37,1840,1558,481,1081,44.5,184,492,37.4,412,482,85.5,29,199,228,477,255,60,6,89,2490.1,22,2,-205
Giannis Antetokounmpo,MIL,25,50,43,7,1543,1502,554,1003,55.2,75,241,31.1,319,519,61.5,120,559,679,292,182,55,53,155,2896.8,45,4,556
Zach LaVine,CHI,24,58,20,38,2009,1463,510,1139,44.8,177,463,38.2,266,326,81.6,39,242,281,243,200,86,28,122,2306.7,2,0,-183
Devin Booker,PHX,23,54,23,31,1938,1424,480,971,49.4,107,297,36,357,387,92.2,26,202,228,342,207,40,13,158,2162.6,6,0,72
Bradley Beal,WAS,26,48,16,32,1709,1419,483,1066,45.3,123,384,32,330,391,84.4,47,164,211,290,161,53,19,108,2162.2,7,0,-195
LeBron James,LAL,35,53,42,11,1850,1335,507,1034,49,114,330,34.5,207,299,69.2,51,359,410,567,209,66,24,93,2738.5,38,12,440
Donovan Mitchell,UTA,23,55,35,20,1892,1331,494,1082,45.7,132,367,36,211,245,86.1,36,201,237,234,148,59,11,133,2028.4,1,0,136
Luka Doncic,DAL,20,45,29,16,1477,1304,428,919,46.6,133,407,32.7,315,412,76.5,62,368,430,389,189,46,8,108,2376.5,30,12,245
Anthony Davis,LAL,26,48,38,10,1664,1285,446,867,51.4,54,164,32.9,339,402,84.3,106,345,451,158,121,73,118,117,2515.2,25,0,222
Russell Westbrook,HOU,31,47,31,16,1690,1278,497,1066,46.6,46,187,24.6,238,302,78.8,78,293,371,338,203,75,16,170,2300.2,20,8,150
DeMar DeRozan,SAS,30,54,23,31,1842,1225,457,863,53,8,29,27.6,303,359,84.4,34,270,304,280,133,55,13,147,2080.8,4,0,-121
Brandon Ingram,NOP,22,49,20,29,1662,1202,411,873,47.1,123,306,40.2,257,299,86,41,267,308,210,147,47,35,140,1985.6,8,0,-49
Nikola Jokic,DEN,25,57,39,18,1854,1191,463,878,52.7,69,210,32.9,196,241,81.3,136,441,577,391,170,67,40,177,2620.9,35,11,243
Jayson Tatum,BOS,21,52,37,15,1779,1190,426,957,44.5,139,360,38.6,199,242,82.2,54,309,363,151,113,71,47,110,2093.1,8,0,407
CJ McCollum,POR,28,54,25,29,1937,1175,465,1038,44.8,149,385,38.7,96,128,75,34,184,218,217,97,39,33,135,1881.1,3,0,11
Kawhi Leonard,LAC,28,43,31,12,1400,1172,408,883,46.2,93,245,38,263,293,89.8,43,280,323,227,129,78,29,83,2092.1,12,1,308
Spencer Dinwiddie,BKN,26,55,26,29,1719,1143,373,900,41.4,104,342,30.4,293,379,77.3,28,167,195,366,147,35,18,155,1938,7,0,79
Bojan Bogdanovic,UTA,30,55,36,19,1831,1139,373,831,44.9,172,408,42.2,221,246,89.8,33,197,230,113,140,31,6,96,1555.5,0,0,291
Buddy Hield,SAC,27,56,23,33,1847,1129,408,949,43,210,545,38.5,103,122,84.4,53,222,275,180,135,50,16,137,1792,2,0,-99
Collin Sexton,CLE,21,56,15,41,1805,1111,423,923,45.8,77,210,36.7,188,221,85.1,55,121,176,157,124,54,7,120,1616.7,0,0,-379
Shai Gilgeous-Alexander,OKC,21,57,35,22,2025,1104,399,860,46.4,70,202,34.7,236,291,81.1,43,313,356,190,107,64,37,97,2012.2,8,1,176
Pascal Siakam,TOR,25,46,36,10,1607,1091,405,872,46.4,99,270,36.7,182,225,80.9,53,293,346,158,110,44,43,125,1894.2,11,0,345
Tobias Harris,PHI,27,57,35,22,1962,1079,422,896,47.1,98,276,35.5,137,170,80.6,41,346,387,173,86,42,31,129,1935.9,9,0,129
Dennis Schroder,OKC,26,56,34,22,1742,1066,396,842,47,111,289,38.4,163,192,84.9,19,196,215,226,143,37,13,123,1670,0,0,261
Andrew Wiggins,GSW,25,47,12,35,1618,1041,387,863,44.8,102,298,34.2,165,230,71.7,56,184,240,171,117,38,45,112,1717.5,2,1,-143
Lou Williams,LAC,33,53,35,18,1593,1038,339,820,41.3,95,271,35.1,265,306,86.6,25,142,167,310,160,34,10,74,1675.4,2,0,130
Evan Fournier,ORL,27,55,23,32,1746,1036,365,788,46.3,149,365,40.8,157,189,83.1,13,133,146,172,111,60,10,137,1568.2,0,0,-89
Montrezl Harrell,LAC,26,55,37,18,1561,1032,421,731,57.6,0,16,0,190,298,63.8,150,242,392,98,98,37,62,129,1848.4,10,0,195
Julius Randle,NYK,25,54,17,37,1770,1030,386,853,45.3,55,209,26.3,203,287,70.7,122,396,518,174,165,44,18,151,1933.6,23,0,-201
Kelly Oubre Jr.,PHX,24,55,21,34,1895,1028,366,813,45,107,304,35.2,189,242,78.1,67,291,358,83,82,70,39,188,1827.1,9,0,-58
Khris Middleton,MIL,28,49,41,8,1452,1014,371,731,50.8,120,271,44.3,152,168,90.5,39,267,306,207,99,46,7,106,1751.7,5,0,482
Kemba Walker,BOS,29,46,32,14,1481,1001,332,773,42.9,156,402,38.8,181,209,86.6,31,158,189,230,97,45,25,73,1685.8,2,0,235
T.J. Warren,IND,26,54,33,21,1743,997,399,761,52.4,60,163,36.8,139,173,80.3,53,154,207,75,64,65,25,148,1563.9,0,0,45
Domantas Sabonis,IND,23,54,31,23,1867,987,393,733,53.6,13,58,22.4,188,258,72.9,164,509,673,259,147,40,28,180,2240.1,43,4,142
Devonte' Graham,CHA,25,56,19,37,1961,985,314,842,37.3,190,516,36.8,167,205,81.5,41,158,199,429,163,53,15,104,1908.3,16,0,-183
Chris Paul,OKC,34,56,35,21,1777,981,345,709,48.7,92,252,36.5,199,222,89.6,20,265,285,373,120,86,8,128,2044.5,9,0,272
LaMarcus Aldridge,SAS,34,52,22,30,1717,977,381,770,49.5,60,153,39.2,155,187,82.9,103,287,390,127,73,33,83,127,1910.5,14,0,-135
Terry Rozier,CHA,25,55,18,37,1879,969,340,811,41.9,143,367,39,146,168,86.9,44,204,248,221,128,57,10,113,1671.1,2,0,-378
Jimmy Butler,MIA,30,47,31,16,1616,966,290,640,45.3,28,114,24.6,358,428,83.6,87,236,323,290,107,84,26,66,2011.6,10,3,228
Joel Embiid,PHI,25,41,26,15,1258,949,305,659,46.3,53,155,34.2,286,351,81.5,113,379,492,131,126,34,56,144,1879.9,32,0,110
Danilo Gallinari,OKC,31,49,28,21,1501,935,289,658,43.9,144,355,40.6,213,236,90.3,31,243,274,110,67,33,4,63,1472.8,3,0,185
Jaylen Brown,BOS,23,46,31,15,1552,934,346,698,49.6,96,253,37.9,146,198,73.7,50,245,295,99,111,53,14,140,1526.5,6,0,172
Jrue Holiday,NOP,29,48,21,27,1663,929,364,818,44.5,99,278,35.6,102,144,70.8,59,166,225,325,142,81,41,100,1910.5,9,0,-18
Karl-Anthony Towns,MIN,24,35,10,25,1187,926,316,622,50.8,114,277,41.2,180,226,79.6,95,283,378,153,110,33,42,117,1724.1,24,0,-15
Andre Drummond,CLE,26,53,19,34,1751,921,382,720,53.1,3,26,11.5,154,267,57.7,242,580,822,145,194,102,87,185,2497.9,45,0,-172
Jaren Jackson Jr.,MEM,20,54,28,26,1512,914,328,701,46.8,135,340,39.7,123,166,74.1,53,201,254,76,94,36,87,219,1607.8,3,0,-113
Ben Simmons,PHI,23,54,33,21,1930,902,361,617,58.5,2,6,33.3,178,284,62.7,108,315,423,442,192,115,32,173,2321.6,30,6,79
Bam Adebayo,MIA,22,56,36,20,1927,898,350,606,57.8,1,12,8.3,197,288,68.4,146,438,584,282,154,71,66,136,2278.8,32,3,198
Jamal Murray,DEN,23,47,33,14,1528,889,332,726,45.7,85,251,33.9,140,157,89.2,35,149,184,224,107,58,14,81,1554.8,2,0,236
Ja Morant,MEM,20,50,27,23,1495,882,333,677,49.2,38,107,35.5,178,229,77.7,32,140,172,345,164,48,13,79,1624.9,9,1,-13
Marcus Morris Sr.,LAC,30,47,15,32,1518,880,298,677,44,121,282,42.9,163,198,82.3,50,202,252,65,82,36,21,140,1368.9,3,0,-126
Kyle Lowry,TOR,33,45,32,13,1635,873,267,635,42,129,361,35.7,210,245,85.7,28,188,216,348,133,59,19,142,1755.2,13,2,217
Dillon Brooks,MEM,24,56,28,28,1585,864,315,774,40.7,112,298,37.6,122,150,81.3,54,135,189,113,92,52,23,213,1393.3,0,0,-47
Nikola Vucevic,ORL,29,45,19,26,1452,861,347,758,45.8,75,222,33.8,92,118,78,119,369,488,165,65,43,42,101,1884.1,28,0,-12
Jordan Clarkson,UTA,27,55,26,29,1338,849,309,662,46.7,119,316,37.7,112,133,84.2,37,107,144,115,68,34,15,76,1273.3,0,0,-49
D'Angelo Russell,MIN,24,36,8,28,1162,845,294,686,42.9,129,347,37.2,128,160,80,15,119,134,235,113,34,10,70,1377.3,3,0,-254
Derrick Rose,DET,31,47,16,31,1231,844,345,710,48.6,42,141,29.8,112,130,86.2,24,89,113,267,118,36,15,46,1415.1,4,0,-77
Rudy Gobert,UTA,27,54,35,19,1869,840,320,465,68.8,0,0,0,200,326,61.3,195,583,778,81,107,35,104,166,2205.1,43,0,312
Hassan Whiteside,POR,30,53,26,27,1640,838,349,572,61,2,4,50,138,198,69.7,213,534,747,65,102,21,164,158,2284.9,43,0,66
Fred VanVleet,TOR,25,47,35,12,1682,831,282,687,41,128,329,38.9,139,165,84.2,18,160,178,316,107,90,13,113,1720.6,6,0,205
Harrison Barnes,SAC,27,56,23,33,1947,828,286,627,45.6,81,214,37.9,175,218,80.3,52,217,269,127,68,33,9,71,1399.3,3,0,-64
Kevin Love,CLE,31,47,12,35,1461,821,277,608,45.6,121,318,38.1,146,172,84.9,40,410,450,139,117,28,15,74,1581.5,19,0,-301
Kendrick Nunn,MIA,24,53,35,18,1590,820,322,726,44.4,105,301,34.9,71,84,84.5,14,127,141,187,91,47,11,118,1352.7,0,0,108
Tim Hardaway Jr.,DAL,27,54,33,21,1492,816,283,648,43.7,152,374,40.6,98,122,80.3,21,144,165,108,51,32,4,93,1233,0,0,300
Alec Burks,PHI,28,51,13,38,1455,802,254,629,40.4,87,235,37,207,231,89.6,39,195,234,155,77,52,17,112,1445.3,1,0,-267
JJ Redick,NOP,35,52,23,29,1401,802,251,558,45,156,345,45.2,144,160,90,9,125,134,102,63,19,9,81,1136.8,0,0,-7
Kristaps Porzingis,DAL,24,43,25,18,1317,798,274,655,41.8,101,286,35.3,149,191,78,70,323,393,67,72,30,84,135,1640.1,18,0,213
Jonas Valanciunas,MEM,27,53,26,27,1371,774,327,562,58.2,27,72,37.5,93,129,72.1,152,408,560,97,95,24,62,141,1754.5,26,0,-30
De'Aaron Fox,SAC,22,38,14,24,1202,755,272,579,47,39,124,31.5,172,254,67.7,26,131,157,264,126,55,20,109,1438.4,7,0,-91
Eric Bledsoe,MIL,30,48,42,6,1300,752,278,577,48.2,60,175,34.3,136,164,82.9,35,192,227,260,115,45,23,102,1503.4,1,0,414
Will Barton,DEN,29,50,34,16,1656,748,284,638,44.5,90,237,38,90,119,75.6,73,251,324,190,71,53,26,106,1587.8,7,0,243
Joe Harris,BKN,28,54,26,28,1693,744,280,597,46.9,129,320,40.3,55,73,75.3,48,182,230,114,76,35,14,124,1262,0,0,121
Serge Ibaka,TOR,30,46,33,13,1246,741,301,570,52.8,58,142,40.8,81,109,74.3,96,277,373,61,91,24,39,128,1378.1,16,0,99
Miles Bridges,CHA,21,56,19,37,1725,739,281,642,43.8,88,258,34.1,89,111,80.2,78,234,312,98,84,36,40,118,1404.4,4,0,-393
Paul George,LAC,29,34,23,11,1001,739,243,570,42.6,111,282,39.4,142,158,89.9,15,192,207,133,102,45,18,83,1273.9,5,0,152
Terrence Ross,ORL,29,54,23,31,1447,727,246,639,38.5,121,375,32.3,114,137,83.2,13,153,166,59,53,61,19,78,1201.7,0,0,-118
Goran Dragic,MIA,33,45,29,16,1269,726,245,546,44.9,101,260,38.8,135,177,76.3,20,115,135,224,115,27,8,83,1214,2,0,90
Duncan Robinson,MIA,25,56,36,20,1639,710,236,516,45.7,197,454,43.4,41,46,89.1,8,170,178,80,45,28,13,160,1121.6,1,0,234
Aaron Gordon,ORL,24,50,22,28,1615,704,265,628,42.2,60,198,30.3,114,170,67.1,87,284,371,161,78,40,25,101,1507.7,14,0,-125
Malcolm Brogdon,IND,27,43,26,17,1327,700,257,597,43,56,182,30.8,130,145,89.7,38,167,205,311,106,30,8,79,1420.5,9,0,46
Davis Bertans,WAS,27,46,16,30,1354,692,222,510,43.5,163,386,42.2,85,98,86.7,33,182,215,82,48,33,30,116,1214,1,0,16
Robert Covington,HOU,29,54,19,35,1602,692,243,565,43,126,366,34.4,80,100,80,44,285,329,66,79,87,59,169,1544.8,3,0,19
Coby White,CHI,20,58,20,38,1435,690,248,653,38,110,317,34.7,84,109,77.1,26,175,201,139,92,44,6,101,1197.7,0,0,-167
Lauri Markkanen,CHI,22,46,17,29,1395,690,233,550,42.4,101,294,34.4,123,149,82.6,57,241,298,70,77,39,22,92,1258.6,3,0,-76
Eric Paschall,GSW,23,52,11,41,1396,687,263,541,48.6,30,106,28.3,131,169,77.5,74,171,245,87,83,30,13,111,1157.5,4,0,-348
Nemanja Bjelica,SAC,31,56,23,33,1593,683,258,534,48.3,115,257,44.7,52,63,82.5,94,263,357,157,81,49,32,172,1508.9,6,0,-43
Taurean Prince,BKN,25,55,26,29,1625,680,246,640,38.4,133,378,35.2,55,71,77.5,43,292,335,109,110,51,23,133,1357.5,8,0,84
Gordon Hayward,BOS,29,39,26,13,1304,678,266,526,50.6,62,162,38.3,84,97,86.6,41,221,262,166,69,29,17,69,1310.4,7,0,238
Darius Garland,CLE,20,55,15,40,1685,677,258,647,39.9,100,282,35.5,61,70,87.1,24,78,102,213,144,40,2,88,1100.9,1,0,-290
John Collins,ATL,22,32,12,20,1035,666,269,466,57.7,41,110,37.3,87,108,80.6,85,245,330,44,55,22,54,115,1301,17,0,-156
De'Andre Hunter,ATL,22,54,16,38,1704,664,243,588,41.3,90,255,35.3,88,116,75.9,30,186,216,98,86,42,15,149,1155.2,1,0,-227
Markelle Fultz,ORL,21,55,24,31,1548,657,270,577,46.8,27,102,26.5,90,120,75,25,164,189,277,112,72,9,104,1430.3,3,1,-35
Patty Mills,SAS,31,56,24,32,1281,656,221,518,42.7,134,348,38.5,80,95,84.2,18,72,90,103,47,44,5,85,1018.5,0,0,85
Carmelo Anthony,POR,35,42,19,23,1369,654,247,589,41.9,62,172,36,98,116,84.5,54,220,274,62,72,34,20,124,1165.8,4,0,-3
Bogdan Bogdanovic,SAC,27,45,21,24,1271,649,236,549,43,116,320,36.3,61,86,70.9,16,126,142,139,79,42,11,94,1107.9,2,0,-61
Glenn Robinson III,PHI,26,52,13,39,1575,645,257,530,48.5,68,176,38.6,63,74,85.1,67,165,232,88,51,50,15,86,1199.4,1,0,-279
Christian Wood,DET,24,55,19,36,1071,638,221,393,56.2,43,113,38.1,153,204,75,82,242,324,45,65,25,48,82,1248.3,9,0,88
RJ Barrett,NYK,19,46,13,33,1399,631,229,589,38.9,48,156,30.8,125,206,60.7,45,188,233,111,97,44,16,104,1160.1,2,0,-302
Tristan Thompson,CLE,28,52,15,37,1583,631,265,512,51.8,8,16,50,93,146,63.7,213,321,534,108,98,32,46,114,1569.8,24,0,-384
Jerami Grant,DEN,25,56,38,18,1465,628,223,480,46.5,74,191,38.7,108,147,73.5,48,151,199,63,46,36,48,116,1167.3,0,0,-80
Bryn Forbes,SAS,26,56,24,32,1413,620,214,521,41.1,130,340,38.2,62,75,82.7,12,106,118,104,47,31,0,104,963.6,0,0,-154
Cedi Osman,CLE,24,56,15,41,1628,617,230,517,44.5,106,275,38.5,51,80,63.8,28,174,202,135,78,46,15,135,1166.9,2,0,-316
Seth Curry,DAL,29,53,31,22,1270,616,219,460,47.6,111,259,42.9,67,75,89.3,25,102,127,105,52,32,8,86,993.9,0,0,111
Josh Richardson,PHI,26,43,26,17,1329,613,227,525,43.2,66,199,33.2,93,117,79.5,34,106,140,136,89,42,27,113,1103,0,0,106
Al Horford,PHI,33,52,31,21,1586,610,247,566,43.6,73,228,32,43,59,72.9,78,267,345,197,52,45,47,112,1543.5,4,0,64
Ricky Rubio,PHX,29,49,21,28,1535,607,210,522,40.2,53,158,33.5,134,161,83.2,35,182,217,423,131,70,9,120,1607.9,15,1,80
Tyler Herro,MIA,20,46,31,15,1273,603,219,529,41.4,99,252,39.3,66,79,83.5,14,172,186,91,72,29,7,58,998.7,0,0,-6
Brandon Clarke,MEM,23,49,27,22,1083,602,254,408,62.3,21,52,40.4,73,93,78.5,77,214,291,72,45,26,42,82,1218.2,3,0,15
Langston Galloway,DET,28,59,19,40,1528,602,207,476,43.5,117,294,39.8,71,82,86.6,28,102,130,94,37,42,10,82,1018,0,0,-88
Jarrett Allen,BKN,21,55,26,29,1447,598,233,366,63.7,0,5,0,132,209,63.2,168,358,526,77,62,33,79,129,1618.7,24,0,70
Doug McDermott,IND,28,57,33,24,1167,594,222,455,48.8,110,248,44.4,40,49,81.6,22,121,143,63,35,7,4,100,858.1,0,0,110
Tomas Satoransky,CHI,28,58,20,38,1671,592,216,490,44.1,62,183,33.9,98,113,86.7,62,154,216,316,111,76,7,121,1463.2,3,0,-15
Ish Smith,WAS,31,55,20,35,1457,586,245,541,45.3,51,143,35.7,45,67,67.2,27,149,176,261,69,48,23,78,1332.7,0,0,-82
P.J. Washington,CHA,21,49,18,31,1482,582,221,475,46.5,64,167,38.3,76,115,66.1,46,223,269,104,79,47,39,134,1239.8,4,0,-187
Norman Powell,TOR,26,38,29,9,1072,581,210,422,49.8,77,192,40.1,84,100,84,22,125,147,64,57,48,14,76,982.4,0,0,157
Thaddeus Young,CHI,31,57,20,37,1393,580,237,528,44.9,70,192,36.5,36,61,59,82,196,278,97,93,75,20,118,1251.1,2,0,-172
Brook Lopez,MIL,31,54,46,8,1441,579,212,495,42.8,74,252,29.4,81,97,83.5,34,208,242,91,53,37,135,124,1468.9,3,0,466
Cody Zeller,CHA,27,52,16,36,1200,578,228,440,51.8,17,71,23.9,105,152,69.1,144,228,372,75,65,35,24,130,1248.9,9,0,-205
Jeremy Lamb,IND,27,46,27,19,1291,577,216,479,45.1,53,158,33.5,92,110,83.6,24,176,200,96,50,55,22,104,1142,2,0,1
Kyle Kuzma,LAL,24,46,37,9,1137,577,214,493,43.4,65,202,32.2,84,115,73,42,159,201,61,73,16,19,86,941.7,2,0,136
Lonzo Ball,NOP,22,49,21,28,1570,576,216,540,40,114,311,36.7,30,53,56.6,54,241,295,333,146,65,24,96,1550.5,11,3,1
Ben McLemore,HOU,27,56,36,20,1309,572,193,435,44.4,142,362,39.2,44,58,75.9,18,107,125,50,42,35,12,113,896,1,0,224
Kevin Huerter,ATL,21,47,16,31,1443,572,209,508,41.1,107,279,38.4,47,57,82.5,28,166,194,162,77,41,21,111,1156.8,1,0,-197
OG Anunoby,TOR,22,56,41,15,1640,572,229,459,49.9,68,187,36.4,46,69,66.7,61,239,300,86,71,66,40,132,1308,5,0,221
Steven Adams,OKC,26,51,32,19,1382,564,233,400,58.3,1,3,33.3,97,160,60.6,173,313,486,128,76,40,58,100,1557.2,20,0,145
Jeff Teague,ATL,31,50,19,31,1290,563,185,426,43.4,38,103,36.9,155,178,87.1,21,99,120,279,105,40,16,97,1188.5,3,0,-148
Marcus Smart,BOS,25,45,30,15,1429,563,188,493,38.1,102,289,35.3,85,105,81,31,133,164,216,74,72,22,119,1291.8,1,0,197
Joe Ingles,UTA,32,56,36,20,1688,557,195,451,43.2,110,280,39.3,57,73,78.1,20,205,225,291,107,49,7,121,1324.5,2,0,228
Malik Monk,CHA,22,54,18,36,1142,556,208,475,43.8,58,200,29,82,100,82,26,130,156,111,77,24,16,72,952.7,1,0,-198
Myles Turner,IND,23,47,26,21,1367,550,194,434,44.7,66,197,33.5,96,126,76.2,55,236,291,56,60,36,89,117,1298.2,5,0,-15
Kyrie Irving,BKN,27,20,8,12,658,548,199,416,47.8,56,142,39.4,94,102,92.2,22,81,103,128,52,27,10,53,922.6,3,1,-7
Derrick White,SAS,25,54,24,30,1284,545,185,407,45.5,50,138,36.2,125,147,85,28,138,166,181,62,31,43,109,1175.7,0,0,-14
Clint Capela,ATL,25,39,22,17,1279,543,244,388,62.9,0,0,0,55,104,52.9,168,369,537,48,63,33,72,102,1511.4,27,0,60
Dejounte Murray,SAS,23,52,22,30,1284,541,221,458,48.3,29,75,38.7,70,88,79.5,60,240,300,209,97,87,13,112,1417.5,4,0,-147
Bobby Portis,NYK,25,56,17,39,1169,538,210,484,43.4,58,163,35.6,60,79,75.9,76,220,296,87,63,28,11,98,1077.7,5,0,-165
Furkan Korkmaz,PHI,22,56,34,22,1194,537,196,447,43.8,108,273,39.6,37,52,71.2,16,112,128,53,39,29,14,75,860.1,0,0,73
Josh Hart,NOP,24,50,21,29,1407,531,182,428,42.5,104,290,35.9,63,85,74.1,48,282,330,79,57,52,20,133,1204.5,8,0,-6
Troy Brown Jr.,WAS,20,52,19,33,1333,529,206,446,46.2,41,122,33.6,76,101,75.2,58,229,287,121,55,71,5,97,1227.9,4,0,-128
Dorian Finney-Smith,DAL,26,57,34,23,1701,528,188,412,45.6,90,241,37.3,62,86,72.1,116,204,320,86,57,39,32,133,1197,3,0,223
Jae Crowder,MIA,29,50,22,28,1463,528,172,444,38.7,95,297,32,89,110,80.9,45,262,307,132,57,58,17,103,1262.4,6,0,-102
Danuel House Jr.,HOU,26,50,32,18,1530,523,179,422,42.4,105,275,38.2,60,76,78.9,53,170,223,63,43,57,27,103,1094.1,2,0,127
Kentavious Caldwell-Pope,LAL,27,55,43,12,1396,523,187,400,46.8,78,192,40.6,71,88,80.7,35,82,117,95,50,45,11,100,923.9,0,0,185
Maxi Kleber,DAL,28,56,33,23,1400,518,182,390,46.7,90,237,38,64,71,90.1,90,204,294,58,40,15,64,127,1154.8,1,0,139
Anfernee Simons,POR,20,57,25,32,1265,515,191,471,40.6,66,197,33.5,67,83,80.7,22,117,139,86,54,20,9,114,843.8,1,0,-248
Garrett Temple,BKN,33,50,25,25,1412,511,178,474,37.6,102,312,32.7,53,69,76.8,25,149,174,123,53,40,21,89,1034.3,1,0,-10
Rudy Gay,SAS,33,53,22,31,1105,504,183,420,43.6,49,156,31.4,89,102,87.3,48,233,281,90,69,22,23,75,1042.2,4,0,-10
Damion Lee,GSW,27,41,9,32,1154,503,173,414,41.8,63,178,35.4,94,106,88.7,30,167,197,103,56,41,4,95,972.9,3,0,-113
Aaron Holiday,IND,23,50,30,20,1149,497,186,448,41.5,75,184,40.8,50,58,86.2,19,93,112,174,66,36,11,90,967.4,2,0,57
Bruce Brown,DET,23,56,18,38,1572,496,189,427,44.3,31,92,33.7,87,118,73.7,58,207,265,217,97,63,29,157,1318.5,4,0,-123
Gary Harris,DEN,25,48,33,15,1537,490,182,457,39.8,58,190,30.5,68,82,82.9,22,118,140,101,50,63,11,102,981.5,0,0,143
Isaiah Thomas,WAS,31,40,14,26,925,488,174,426,40.8,78,189,41.3,62,76,81.6,11,57,68,146,76,13,6,77,769.6,1,0,-201
Jarrett Culver,MIN,21,54,16,38,1315,488,193,495,39,55,195,28.2,47,103,45.6,60,122,182,100,73,52,36,104,1047.4,0,0,-67
Markieff Morris,LAL,30,44,14,30,988,486,175,389,45,75,189,39.7,61,79,77.2,24,149,173,69,70,26,11,104,838.1,1,0,-96
Monte Morris,DEN,24,57,39,18,1214,486,197,427,46.1,48,124,38.7,44,55,80,20,84,104,205,38,44,11,56,1045.3,0,0,74
Jabari Parker,SAC,24,33,7,26,852,484,199,399,49.9,31,116,26.7,55,74,74.3,54,141,195,60,60,42,15,94,919,2,0,-136
Richaun Holmes,SAC,26,37,14,23,1087,484,204,309,66,0,0,0,76,93,81.7,113,201,314,37,46,39,52,144,1143.3,13,0,7
Cam Reddish,ATL,20,50,14,36,1323,482,165,462,35.7,63,207,30.4,89,111,80.2,32,157,189,78,80,54,24,115,979.8,0,0,-261
Deandre Ayton,PHX,21,25,11,14,831,476,213,392,54.3,0,2,0,50,64,78.1,106,199,305,51,53,18,41,79,1042.5,17,0,71
Mitchell Robinson,NYK,21,52,16,36,1171,476,204,279,73.1,0,0,0,68,117,58.1,148,201,349,28,34,45,98,174,1331.8,4,0,-132
Kent Bazemore,SAC,30,56,26,30,1386,475,157,431,36.4,70,207,33.8,91,116,78.4,21,205,226,73,72,61,36,156,1074.7,0,0,-14
Justin Holiday,IND,30,57,33,24,1447,473,163,376,43.4,106,252,42.1,41,54,75.9,29,159,188,83,32,60,37,103,1082.1,0,0,60
Dario Saric,PHX,25,50,21,29,1213,470,175,397,44.1,59,189,31.2,61,72,84.7,76,218,294,94,63,30,12,111,1026.8,8,0,-68
Caris LeVert,BKN,25,30,14,16,832,469,174,439,39.6,47,127,37,74,104,71.2,28,82,110,107,77,33,5,54,798.5,0,0,-26
Jalen Brunson,DAL,23,57,34,23,1022,466,181,388,46.6,43,120,35.8,61,75,81.3,22,112,134,188,66,22,4,74,920.8,2,0,172
Donte DiVincenzo,MIL,23,51,46,5,1162,465,177,389,45.5,64,187,34.2,47,61,77,50,187,237,109,61,73,14,82,1112.9,0,0,402
Terence Davis,TOR,22,57,42,15,1003,464,171,358,47.8,85,202,42.1,37,42,88.1,45,155,200,97,58,31,12,93,920.5,1,0,261
Josh Okogie,MIN,21,53,16,37,1299,460,145,348,41.7,34,136,25,136,172,79.1,72,159,231,83,75,60,21,115,1029.7,0,0,-128
Mikal Bridges,PHX,23,57,23,34,1466,460,170,338,50.3,41,124,33.1,79,95,83.2,49,174,223,93,55,86,32,127,1166.1,0,0,48
Danny Green,LAL,32,54,42,12,1347,455,161,384,41.9,101,269,37.5,32,44,72.7,38,147,185,72,48,67,27,114,1019,0,0,266
Paul Millsap,DEN,35,37,24,13,908,451,157,324,48.5,41,91,45.1,96,113,85,72,149,221,57,46,33,26,105,932.7,4,0,250
Ivica Zubac,LAC,22,56,37,19,1000,450,180,302,59.6,0,2,0,90,122,73.8,147,254,401,60,48,11,56,132,1174.2,6,0,104
Larry Nance Jr.,CLE,27,47,12,35,1182,450,182,347,52.4,46,136,33.8,40,59,67.8,86,255,341,91,50,40,21,76,1128.7,9,0,-168
Mike Conley,UTA,32,33,19,14,927,446,154,395,39,58,164,35.4,80,102,78.4,20,90,110,140,60,22,4,73,806,0,0,26
Marquese Chriss,GSW,22,51,12,39,977,444,169,316,53.5,8,35,22.9,98,129,76,95,194,289,87,66,32,54,99,1113.3,4,0,-196
Rui Hachimura,WAS,22,32,11,21,923,443,184,376,48.9,14,59,23.7,61,73,83.6,49,145,194,53,31,25,5,71,814.3,3,0,-190
Luke Kennard,DET,23,28,11,17,922,442,151,342,44.2,73,183,39.9,67,75,89.3,9,89,98,115,43,12,6,65,743.1,0,0,-22
Daniel Theis,BOS,27,50,33,17,1159,441,177,317,55.8,23,69,33.3,64,87,73.6,110,214,324,77,42,32,66,174,1197.3,5,0,170
Eric Gordon,HOU,31,29,18,11,847,439,145,385,37.7,84,253,33.2,65,90,72.2,7,52,59,44,30,19,11,59,635.8,0,0,16
Austin Rivers,HOU,27,52,35,17,1222,437,157,379,41.4,70,205,34.1,53,77,68.8,19,107,126,81,31,37,9,94,816.7,0,0,83
George Hill,MIL,33,46,40,6,969,436,156,290,53.8,67,132,50.8,57,69,82.6,41,96,137,136,42,35,4,66,879.4,0,0,245
Malik Beasley,MIN,23,46,27,19,914,435,157,388,40.5,78,207,37.7,43,50,86,15,94,109,59,46,34,8,63,734.3,1,0,41
Wendell Carter Jr.,CHI,20,37,13,24,1109,433,166,309,53.7,6,28,21.4,95,129,73.6,130,236,366,44,62,30,33,142,1065.2,17,0,25
Svi Mykhailiuk,DET,22,49,16,33,1081,430,142,332,42.8,97,234,41.5,49,57,86,15,70,85,80,51,31,4,72,706,0,0,2
Dwight Howard,LAL,34,55,43,12,1080,428,174,237,73.4,3,5,60,77,163,47.2,146,280,426,35,67,22,71,179,1203.7,8,0,153
Tony Snell,DET,28,52,17,35,1420,419,152,336,45.2,93,226,41.2,22,22,100,7,85,92,96,26,25,12,83,758.4,0,0,-173
P.J. Tucker,HOU,34,56,36,20,1952,418,148,336,44,85,227,37.4,37,44,84.1,85,301,386,89,59,64,24,185,1219.7,6,0,180
D.J. Augustin,ORL,32,40,19,21,1029,417,128,328,39,47,138,34.1,114,130,87.7,15,81,96,184,55,28,1,45,840.2,0,0,35
Jaxson Hayes,NOP,19,54,25,29,937,416,153,231,66.2,1,4,25,109,173,63,82,140,222,51,40,22,52,140,940.9,3,0,-39
Kevin Porter Jr.,CLE,19,44,13,31,979,416,158,350,45.1,43,126,34.1,57,80,71.3,17,119,136,86,84,39,10,121,771.2,0,0,-259
Jordan Poole,GSW,20,50,10,40,1097,414,135,436,31,62,233,26.6,82,99,82.8,7,99,106,102,56,31,9,82,758.2,0,0,-172
E'Twaun Moore,NOP,30,44,23,21,861,407,162,380,42.6,56,150,37.3,27,41,65.9,28,83,111,67,32,24,8,68,704.7,0,0,12
Landry Shamet,LAC,22,39,24,15,1145,407,133,309,43,95,235,40.4,46,51,90.2,4,75,79,73,31,17,8,117,655.3,0,0,82
Delon Wright,DAL,27,55,33,22,1169,404,153,324,47.2,36,96,37.5,62,80,77.5,59,153,212,185,53,58,18,70,1110.9,1,0,14
Tyus Jones,MEM,23,56,28,28,1053,398,165,348,47.4,36,91,39.6,32,43,74.4,8,81,89,254,48,47,6,36,996.8,0,0,-63
Shabazz Napier,WAS,28,42,12,30,969,397,130,319,40.8,56,181,30.9,81,98,82.7,20,101,121,210,88,49,8,70,940.2,2,1,-70
Wesley Matthews,MIL,33,53,45,8,1302,394,134,329,40.7,85,228,37.3,41,53,77.4,12,118,130,78,36,30,9,79,748,0,0,380
DeAndre Jordan,BKN,31,47,23,24,1015,390,160,240,66.7,0,0,0,70,100,70,116,348,464,93,66,16,46,95,1206.3,10,0,-57
Aron Baynes,PHX,33,35,16,19,780,387,150,304,49.3,43,129,33.3,44,61,72.1,54,137,191,63,41,8,20,124,753.7,2,0,-58
Enes Kanter,BOS,27,44,28,16,797,385,164,284,57.7,1,7,14.3,56,80,70,125,229,354,43,47,17,35,79,983.3,8,0,174
Thomas Bryant,WAS,22,31,10,21,769,385,157,266,59,15,44,34.1,56,77,72.7,65,160,225,64,41,11,28,70,827,7,0,-164
Jonathan Isaac,ORL,22,32,13,19,949,384,149,322,46.3,30,91,33,56,73,76.7,57,165,222,44,47,50,78,79,1053.4,5,0,10
Kelly Olynyk,MIA,28,50,33,17,972,384,128,279,45.9,65,163,39.9,63,73,86.3,33,192,225,73,55,34,17,124,861.5,3,0,33
Nerlens Noel,OKC,25,48,30,18,891,381,155,228,68,1,3,33.3,70,88,79.5,76,165,241,50,46,51,72,125,1068.2,3,0,27
Jordan McRae,DEN,28,32,12,20,681,379,135,322,41.9,42,110,38.2,67,87,77,18,91,109,86,38,20,16,63,708.8,0,0,-33
Dwight Powell,DAL,28,40,25,15,1061,376,146,229,63.8,10,39,25.6,74,111,66.7,75,152,227,59,36,34,22,102,868.9,1,0,195
Kris Dunn,CHI,25,51,19,32,1269,373,152,342,44.4,29,112,25.9,40,54,74.1,23,163,186,173,68,101,17,158,1141.7,0,0,-29
Willie Cauley-Stein,DAL,26,50,13,37,1051,373,167,291,57.4,0,1,0,39,63,61.9,80,216,296,67,39,49,58,118,1110.7,3,0,-121
Ersan Ilyasova,MIL,32,51,43,8,823,371,133,282,47.2,44,118,37.3,61,73,83.6,56,198,254,45,29,22,14,79,822.3,4,0,129
JaVale McGee,LAL,32,53,42,11,885,370,162,252,64.3,3,6,50,43,67,64.2,98,210,308,33,40,26,82,127,1073.1,2,0,168
Omari Spellman,MIN,22,49,11,38,886,370,127,295,43.1,43,110,39.1,73,92,79.3,77,142,219,47,54,33,24,63,820.3,1,0,-144
Kevin Knox II,NYK,20,55,17,38,1005,369,127,345,36.8,57,176,32.4,58,88,65.9,20,136,156,53,37,20,22,89,724.7,0,0,-190
Derrick Jones Jr.,MIA,23,42,26,16,1028,367,131,264,49.6,29,104,27.9,76,97,78.4,43,132,175,42,25,44,28,93,831,0,0,-41
T.J. McConnell,IND,27,55,32,23,1039,365,166,319,52,4,13,30.8,29,35,82.9,28,117,145,281,76,39,11,57,1034.5,2,0,35
Gorgui Dieng,MEM,30,49,14,35,825,362,133,291,45.7,48,125,38.4,48,60,80,74,197,271,61,46,42,43,99,987.7,7,0,-83
Brad Wanamaker,BOS,30,55,39,16,1040,359,118,281,42,29,78,37.2,94,102,92.2,15,95,110,146,61,40,11,103,802,0,0,100
Cory Joseph,SAC,28,56,23,33,1376,356,137,333,41.1,42,121,34.7,40,50,80,33,114,147,187,59,38,18,106,921.9,0,0,-55
Derrick Favors,NOP,28,38,19,19,909,355,161,259,62.2,1,6,16.7,32,55,58.2,120,260,380,68,48,21,37,85,1039,14,0,93
Alex Len,SAC,26,41,10,31,761,352,143,263,54.4,14,56,25,52,83,62.7,73,165,238,42,42,21,34,97,823.6,7,0,-130
De'Anthony Melton,MEM,21,43,21,22,802,352,124,287,43.2,25,84,29.8,79,94,84,28,128,156,129,63,55,14,77,876.7,0,0,133
Frank Kaminsky,PHX,26,32,12,20,718,352,127,279,45.5,39,112,34.8,59,88,67,30,128,158,71,33,13,10,69,684.1,1,0,-32
Elfrid Payton,NYK,26,36,13,23,988,350,153,356,43,14,59,23.7,30,56,53.6,43,126,169,247,72,61,16,74,1082.3,4,1,-87
Avery Bradley,LAL,29,41,30,11,969,349,143,310,46.1,47,126,37.3,16,20,80,17,77,94,47,38,35,4,95,611.3,0,0,110
Rondae Hollis-Jefferson,TOR,25,45,32,13,885,348,128,266,48.1,2,17,11.8,90,123,73.2,89,130,219,81,46,42,18,95,866.3,2,0,107
Bismack Biyombo,CHA,27,47,15,32,890,346,133,246,54.1,0,0,0,80,133,60.2,109,161,270,41,43,9,39,99,832.5,7,0,-138
Emmanuel Mudiay,UTA,23,46,31,15,742,345,134,284,47.2,27,75,36,50,67,74.6,17,97,114,107,63,19,10,61,666.3,0,0,32
Cameron Johnson,PHX,23,44,19,25,870,343,117,284,41.2,77,197,39.1,32,42,76.2,37,87,124,47,27,26,13,62,652.3,0,0,-60
Draymond Green,GSW,29,42,10,32,1212,343,122,315,38.7,36,129,27.9,63,83,75.9,23,242,265,262,95,58,33,106,1232,8,2,-196
Patrick Beverley,LAC,31,40,30,10,1121,338,125,291,43,64,176,36.4,24,38,63.2,51,180,231,159,54,49,25,127,1021.7,4,0,203
Royce O'Neale,UTA,26,56,36,20,1624,336,121,272,44.5,68,170,40,26,31,83.9,21,267,288,142,46,40,23,159,1037.6,2,0,224
Mason Plumlee,DEN,29,45,31,14,778,330,133,217,61.3,0,4,0,64,116,55.2,80,165,245,109,66,25,27,101,877.5,2,0,-2
Trevor Ariza,POR,34,45,19,26,1208,318,111,257,43.2,59,164,36,37,45,82.2,29,179,208,71,45,58,12,93,839.1,0,0,-28
Michael Porter Jr.,DEN,21,41,30,11,573,317,124,247,50.2,38,90,42.2,31,39,79.5,44,132,176,29,31,17,18,69,645.7,5,0,14
Gary Trent Jr.,POR,21,45,20,25,838,315,114,266,42.9,66,162,40.7,21,24,87.5,18,51,69,42,13,33,11,54,579.8,0,0,-61
Taj Gibson,NYK,34,53,17,36,872,309,138,240,57.5,3,11,27.3,30,44,68.2,93,134,227,47,40,23,24,108,752.9,0,0,-229
Chris Boucher,TOR,27,49,36,13,638,308,106,230,46.1,23,84,27.4,73,93,78.5,83,132,215,22,20,18,49,92,780,3,0,80
Damyean Dotson,NYK,25,46,14,32,805,308,115,275,41.8,56,155,36.1,22,32,68.8,8,76,84,56,20,22,4,42,550.8,0,0,-78
Mike Scott,PHI,31,56,34,22,959,306,110,278,39.6,62,182,34.1,24,27,88.9,44,143,187,32,20,17,4,68,621.4,0,0,78
Trey Lyles,SAS,24,56,24,32,1040,306,118,268,44,48,132,36.4,22,32,68.8,63,249,312,58,33,19,22,85,857.4,1,0,-27
Rajon Rondo,LAL,34,40,31,9,836,304,120,279,43,38,108,35.2,26,39,66.7,20,110,130,211,78,35,2,49,809.5,2,0,64
Ky Bowman,GSW,22,42,9,33,935,303,120,296,40.5,31,101,30.7,32,39,82.1,24,86,110,126,60,41,9,90,714,0,0,-131
Moritz Wagner,WAS,22,28,10,18,557,303,116,202,57.4,23,65,35.4,48,60,80,37,119,156,36,50,18,16,100,596.2,2,0,-34
Jakob Poeltl,SAS,24,56,24,32,951,301,133,215,61.9,0,0,0,35,70,50,103,203,306,100,44,30,84,95,1116.2,2,0,60
Kyle Korver,MIL,38,47,40,7,783,301,99,237,41.8,77,189,40.7,26,31,83.9,12,85,97,55,39,20,11,61,553.9,0,0,138
Damian Jones,ATL,24,51,14,37,850,300,118,172,68.6,2,8,25,62,84,73.8,71,123,194,32,28,26,38,139,744.8,0,0,-246
James Ennis III,ORL,29,52,33,19,828,300,105,241,43.6,38,112,33.9,52,67,77.6,53,106,159,42,33,23,14,88,631.8,0,0,19
Meyers Leonard,MIA,27,49,34,15,987,300,116,223,52,51,119,42.9,17,26,65.4,27,221,248,53,35,13,15,103,726.1,2,0,95
JaMychal Green,LAC,29,47,31,16,971,299,103,259,39.8,62,175,35.4,31,42,73.8,66,231,297,34,40,22,17,124,783.4,6,0,112
Justin Jackson,DAL,24,51,32,19,820,298,112,282,39.7,41,136,30.1,33,40,82.5,23,104,127,34,11,10,6,55,538.4,0,0,-8
Frank Ntilikina,NYK,21,50,15,35,1041,296,110,286,38.5,36,116,31,40,46,87,21,89,110,149,64,47,16,124,776.5,0,0,-83
Nicolo Melli,NOP,29,45,21,24,722,296,104,224,46.4,58,146,39.7,30,39,76.9,30,100,130,50,34,25,15,86,613,0,0,-53
Georges Niang,UTA,26,50,33,17,677,290,103,225,45.8,65,155,41.9,19,22,86.4,11,85,96,34,25,12,5,59,482.2,0,0,-70
Marvin Williams,MIL,33,44,15,29,855,289,99,220,45,46,124,37.1,45,52,86.5,17,101,118,44,26,30,23,76,629.6,0,0,-98
Alex Caruso,LAL,25,52,41,11,940,288,100,235,42.6,35,99,35.4,53,67,79.1,13,85,98,88,41,54,14,82,700.6,0,0,219
Maurice Harkless,NYK,26,52,35,17,1182,282,115,225,51.1,28,77,36.4,24,42,57.1,48,160,208,50,47,50,30,122,799.6,0,0,46
Robin Lopez,MIL,31,52,44,8,717,280,117,233,50.2,23,79,29.1,23,43,53.5,47,83,130,35,43,8,35,62,574.5,0,0,53
Blake Griffin,DET,30,18,8,10,512,279,88,250,35.2,27,111,24.3,76,98,77.6,17,67,84,59,40,7,7,27,470.3,2,0,-26
Solomon Hill,MIA,28,50,26,24,924,279,98,240,40.8,57,151,37.7,26,38,68.4,26,121,147,94,41,33,7,75,675.4,0,0,-68
Mo Bamba,ORL,21,51,22,29,758,275,112,240,46.7,29,87,33.3,22,32,68.8,75,175,250,35,39,20,72,97,864.5,1,0,11
Kyle Anderson,MEM,26,50,26,24,913,274,113,224,50.4,10,45,22.2,38,58,65.5,48,162,210,108,45,39,24,75,832,0,0,-104
Zion Williamson,NOP,19,12,7,5,337,274,106,181,58.6,5,12,41.7,57,94,60.6,42,44,86,27,29,8,5,19,427.7,2,0,94
Marc Gasol,TOR,35,35,27,8,974,272,98,231,42.4,50,124,40.3,26,36,72.2,29,197,226,122,43,28,33,101,866.2,3,0,243
Lonnie Walker IV,SAS,21,48,22,26,670,270,104,241,43.2,24,63,38.1,38,53,71.7,18,82,100,37,27,24,9,59,517.5,0,0,1
Marco Belinelli,SAS,33,48,21,27,725,269,94,250,37.6,49,140,35,32,41,78,3,75,78,62,14,9,0,38,468.6,0,0,19
Ian Mahinmi,WAS,33,35,14,21,750,267,97,194,50,5,24,20.8,68,107,63.6,74,131,205,47,45,27,43,105,748.5,1,0,-61
Frank Jackson,NOP,21,45,21,24,583,259,91,225,40.4,33,105,31.4,44,57,77.2,15,41,56,37,39,15,4,61,399.7,0,0,-69
Keita Bates-Diop,DEN,24,39,10,29,665,258,89,208,42.8,31,94,33,49,69,71,21,91,112,30,14,17,21,38,537.4,0,0,-159
Thon Maker,DET,22,54,19,35,696,258,85,168,50.6,20,58,34.5,68,102,66.7,49,98,147,37,44,21,35,90,613.9,2,0,-111
Vince Carter,ATL,43,51,16,35,763,258,92,262,35.1,51,174,29.3,23,29,79.3,14,96,110,44,30,19,24,81,555,0,0,-121
Pat Connaughton,MIL,27,52,46,6,948,254,100,221,45.2,36,113,31.9,18,25,72,46,179,225,83,40,15,28,49,737.5,0,0,89
Jeff Green,HOU,33,32,20,12,591,252,82,204,40.2,38,110,34.5,50,65,76.9,15,73,88,22,32,13,10,49,427.6,0,0,-88
DeAndre' Bembry,ATL,25,43,10,33,915,249,104,228,45.6,15,65,23.1,26,48,54.2,34,118,152,81,60,55,19,84,714.9,2,0,-257
Abdel Nader,OKC,26,41,28,13,627,240,85,181,47,32,89,36,38,48,79.2,11,54,65,26,33,16,12,53,408,0,0,-45
Darius Bazley,OKC,19,53,32,21,909,238,88,230,38.3,30,100,30,32,47,68.1,21,175,196,29,40,20,35,45,641.7,0,0,-65
Isaac Bonga,WAS,20,50,18,32,886,238,87,163,53.4,18,45,40,46,58,79.3,53,107,160,54,35,33,18,116,629,0,0,20
Ryan Arcidiacono,CHI,25,54,20,34,849,235,80,202,39.6,50,130,38.5,25,34,73.5,17,82,99,88,35,23,3,87,528.8,0,0,-87
Matisse Thybulle,PHI,22,49,32,17,981,231,80,199,40.2,47,128,36.7,24,37,64.9,26,49,75,58,41,69,40,109,694,0,0,8
Rodney Hood,POR,27,21,8,13,619,230,87,172,50.6,35,71,49.3,21,27,77.8,10,62,72,32,19,17,4,46,408.4,0,0,5
Dwayne Bacon,CHA,24,39,10,29,687,224,85,244,34.8,19,67,28.4,35,53,66,15,85,100,52,37,23,2,52,460,0,0,-132
Grayson Allen,MEM,24,30,14,16,498,221,79,176,44.9,33,91,36.3,30,35,85.7,5,61,66,43,23,6,1,36,362.7,0,0,-71
Patrick Patterson,LAC,30,46,29,17,578,219,71,178,39.9,50,134,37.3,27,34,79.4,29,88,117,29,15,6,3,40,414.9,0,0,90
Chandler Hutchison,CHI,23,28,8,20,527,218,80,175,45.7,12,38,31.6,46,78,59,18,90,108,26,27,27,7,47,461.6,0,0,-144
Reggie Jackson,LAC,29,15,4,11,403,217,79,207,38.2,33,88,37.5,26,33,78.8,11,32,43,76,25,8,1,24,384.6,1,0,48
Luke Kornet,CHI,24,36,11,25,559,215,82,187,43.9,31,108,28.7,20,28,71.4,22,62,84,32,14,11,26,54,460.8,0,0,-42
Reggie Bullock,NYK,28,22,8,14,563,215,82,204,40.2,35,102,34.3,16,19,84.2,13,43,56,32,14,24,0,50,388.2,0,0,-66
Dewayne Dedmon,ATL,30,39,16,23,663,214,85,208,40.9,18,87,20.7,26,31,83.9,48,160,208,19,52,18,38,115,608.1,3,0,2
Jahlil Okafor,NOP,24,27,9,18,420,214,88,144,61.1,1,2,50,37,58,63.8,46,71,117,36,36,7,19,62,450.4,2,0,-102
Torrey Craig,DEN,29,44,32,12,785,212,81,180,45,30,94,31.9,20,31,64.5,44,101,145,30,20,15,29,100,543,2,0,-115
Hamidou Diallo,OKC,21,33,18,15,621,211,90,198,45.5,5,30,16.7,26,40,65,25,84,109,21,33,26,6,70,436.3,2,0,0
Nickeil Alexander-Walker,NOP,21,41,18,23,501,211,77,227,33.9,40,117,34.2,17,28,60.7,8,72,80,74,40,11,7,46,432,0,0,-62
Sekou Doumbouya,DET,19,31,9,22,629,211,79,200,39.5,26,86,30.2,27,40,67.5,16,89,105,14,32,18,7,67,401,2,0,-115
Michael Carter-Williams,ORL,28,33,13,20,592,210,74,181,40.9,12,49,24.5,50,64,78.1,35,77,112,87,35,35,16,56,592.9,0,0,-24
Wes Iwundu,ORL,25,41,18,23,749,210,68,178,38.2,20,62,32.3,54,66,81.8,22,84,106,44,17,25,10,60,491.2,0,0,-2
Treveon Graham,ATL,26,46,18,28,803,203,72,207,34.8,26,103,25.2,33,47,70.2,37,88,125,33,23,21,5,83,457.5,0,0,-120
Grant Williams,BOS,21,54,39,15,835,201,72,171,42.1,20,74,27,37,51,72.5,54,88,142,56,44,23,31,131,573.4,0,0,154
Sterling Brown,MIL,25,39,32,7,565,197,70,185,37.8,31,95,32.6,26,33,78.8,26,121,147,37,32,21,6,41,477.9,1,0,94
Cheick Diallo,PHX,23,39,14,25,421,193,81,122,66.4,1,2,50,30,35,85.7,24,89,113,20,26,10,11,51,395.6,1,0,-62
Bruno Fernando,ATL,21,47,15,32,569,192,81,157,51.6,4,31,12.9,26,44,59.1,59,100,159,39,40,15,16,91,494.3,1,0,-46
Elie Okobo,PHX,22,47,20,27,621,190,63,159,39.6,23,65,35.4,41,61,67.2,14,59,73,101,30,22,4,45,477.1,0,0,-20
Goga Bitadze,IND,20,43,24,19,371,132,54,112,48.2,4,26,15.4,20,29,69,22,66,88,20,21,4,29,50,345.6,1,0,-31
Kenrich Williams,NOP,25,35,12,23,779,132,49,143,34.3,25,96,26,9,24,37.5,49,129,178,53,21,25,21,81,542.1,0,0,-48
Jacob Evans,MIN,22,28,8,20,415,128,45,133,33.8,13,38,34.2,25,29,86.2,9,32,41,31,25,11,12,41,267.7,0,0,-111
Matt Thomas,TOR,25,26,20,6,267,126,45,88,51.1,31,61,50.8,5,7,71.4,4,31,35,14,10,7,0,23,200,0,0,29
Javonte Green,BOS,26,41,29,12,375,125,48,94,51.1,6,23,26.1,23,36,63.9,16,53,69,21,16,22,5,36,304.3,0,0,7
Noah Vonleh,DEN,24,31,11,20,362,125,49,88,55.7,3,15,20,24,30,80,35,86,121,26,21,11,6,38,339.2,0,0,-56
Justise Winslow,MEM,23,11,7,4,352,124,50,129,38.8,6,27,22.2,18,27,66.7,16,57,73,44,24,7,5,38,289.6,1,0,52
Allonzo Trier,NYK,24,20,2,18,246,120,37,85,43.5,15,46,32.6,31,39,79.5,4,22,26,24,20,2,4,24,185.2,0,0,-78
Matthew Dellavedova,CLE,29,48,13,35,581,120,42,130,32.3,11,69,15.9,25,28,89.3,12,42,54,123,43,15,1,62,374.3,0,0,3
Theo Pinson,BKN,24,29,13,16,346,120,45,152,29.6,15,78,19.2,15,16,93.8,10,41,51,53,32,15,2,33,279.7,0,0,-17
Chris Silva,MIA,23,38,25,13,294,116,42,66,63.6,0,2,0,32,47,68.1,51,54,105,19,31,9,17,78,317.5,0,0,-14
Gary Clark,ORL,25,31,17,14,377,107,36,95,37.9,27,82,32.9,8,9,88.9,25,51,76,13,4,4,13,29,264.7,0,0,-10
Isaiah Hartenstein,HOU,21,23,16,7,266,107,44,67,65.7,0,5,0,19,28,67.9,29,61,90,18,16,9,12,41,289,2,0,40
David Nwaba,BKN,27,20,8,12,268,104,37,71,52.1,12,28,42.9,18,27,66.7,8,37,45,8,8,11,12,32,231,0,0,35
Gary Payton II,WAS,27,24,11,13,407,104,44,108,40.7,12,41,29.3,4,8,50,25,48,73,45,19,32,7,48,357.1,1,0,-143
Otto Porter Jr.,CHI,26,9,3,6,226,101,35,84,41.7,16,40,40,15,20,75,8,23,31,14,7,9,3,20,188.2,0,0,7
Brandon Knight,DET,28,19,3,16,287,97,33,101,32.7,23,78,29.5,8,17,47.1,3,20,23,36,23,6,2,25,179.6,0,0,-49
Tim Frazier,DET,29,27,9,18,355,97,34,94,36.2,10,30,33.3,19,24,79.2,9,24,33,93,36,14,4,42,294.1,0,0,-54
Carsen Edwards,BOS,21,33,23,10,296,96,33,103,32,19,62,30.6,11,13,84.6,5,36,41,22,15,10,3,27,202.2,0,0,-34
Garrison Mathews,WAS,23,16,7,9,202,93,23,50,46,18,42,42.9,29,32,90.6,6,17,23,10,7,3,1,26,140.6,0,0,47
Thabo Sefolosha,HOU,35,39,26,13,417,92,37,89,41.6,15,53,28.3,3,8,37.5,21,69,90,24,14,23,12,42,327,0,0,9
Ty Jerome,PHX,22,23,10,13,268,88,33,93,35.5,11,40,27.5,11,14,78.6,6,31,37,39,18,14,3,25,223.9,0,0,-100
Edmond Sumner,IND,24,20,8,12,268,86,35,80,43.8,8,26,30.8,8,13,61.5,8,21,29,28,15,13,6,28,204.8,0,0,-20
Victor Oladipo,IND,27,8,3,5,200,86,31,93,33.3,11,44,25,13,17,76.5,6,11,17,21,16,4,1,12,136.9,0,0,-22
Justin James,SAC,23,32,12,20,216,85,33,78,42.3,9,26,34.6,10,21,47.6,6,24,30,16,8,6,9,16,182,0,0,-13
D.J. Wilson,MIL,24,28,26,2,243,84,34,84,40.5,11,46,23.9,5,7,71.4,7,48,55,18,14,1,5,22,181,0,0,-36
Deonte Burton,OKC,26,31,19,12,258,84,35,95,36.8,8,40,20,6,12,50,5,35,40,11,10,4,10,27,180.5,0,0,-49
Admiral Schofield,WAS,22,26,8,18,292,83,30,75,40,14,47,29.8,9,13,69.2,6,28,34,14,7,8,3,41,170.8,0,0,-32
Jordan Bell,MEM,25,27,8,19,235,83,32,60,53.3,2,9,22.2,17,29,58.6,28,50,78,14,18,2,10,17,215.6,0,0,-8
PJ Dozier,DEN,23,16,12,4,224,82,34,84,40.5,7,26,26.9,7,11,63.6,5,25,30,26,11,7,5,27,182,0,0,-4
Stephen Curry,GSW,31,4,1,3,112,81,27,66,40.9,9,37,24.3,18,18,100,4,16,20,26,15,5,2,10,150,1,0,-32
Nicolas Batum,CHA,31,22,6,16,505,79,28,81,34.6,14,49,28.6,9,10,90,25,75,100,66,22,17,8,41,351,0,0,-48
Al-Farouq Aminu,ORL,29,18,7,11,380,78,25,86,29.1,9,36,25,19,29,65.5,24,63,87,21,17,18,8,27,274.9,1,0,-35
Cristiano Felicio,CHI,27,18,6,12,337,78,30,47,63.8,0,2,0,18,23,78.3,47,41,88,12,18,9,1,31,213.6,0,0,-43
Ante Zizic,CLE,23,17,2,15,168,76,31,52,59.6,0,0,0,14,16,87.5,14,41,55,3,7,7,4,20,172.5,1,0,13
JaKarr Sampson,IND,26,19,10,9,256,76,35,61,57.4,2,12,16.7,4,10,40,11,33,44,4,6,6,8,33,170.8,0,0,-10
Kyle O'Quinn,PHI,29,22,15,7,221,76,32,64,50,7,21,33.3,5,11,45.5,27,54,81,32,18,4,17,29,266.2,1,0,-37
Robert Williams III,BOS,22,19,14,5,269,74,33,49,67.3,0,0,0,8,14,57.1,23,64,87,21,16,17,21,34,307.9,0,0,2
Josh Jackson,MEM,23,9,5,4,164,73,27,59,45.8,6,24,25,13,18,72.2,6,29,35,10,13,7,2,17,144,0,0,35
Ryan Broekhoff,DAL,29,17,10,7,180,71,22,59,37.3,20,51,39.2,7,8,87.5,5,38,43,11,6,5,4,15,160.1,0,0,8
TJ Leaf,IND,22,23,13,10,185,68,28,67,41.8,5,14,35.7,7,12,58.3,20,41,61,6,6,8,3,18,177.2,1,0,-19
CJ Miles,WAS,32,10,4,6,161,64,19,59,32.2,11,35,31.4,15,20,75,4,8,12,12,4,10,4,14,134.4,0,0,-8
Bruno Caboclo,HOU,24,23,8,15,197,62,28,70,40,4,26,15.4,2,3,66.7,17,28,45,10,9,12,13,24,197,1,0,-20
Evan Turner,MIN,31,19,3,16,251,62,25,67,37.3,0,5,0,12,14,85.7,8,30,38,38,26,9,8,20,189.6,0,0,-65
Nicolas Claxton,BKN,20,14,5,9,183,62,26,46,56.5,1,7,14.3,9,19,47.4,19,24,43,16,9,1,8,14,155.6,0,0,-59
Romeo Langford,BOS,20,20,16,4,219,61,21,47,44.7,5,18,27.8,14,21,66.7,6,13,19,3,5,5,6,23,116.3,0,0,52
Alen Smailagic,GSW,19,14,1,13,139,59,20,40,50,3,13,23.1,16,19,84.2,10,17,27,13,11,3,4,14,120.9,0,0,-8
Courtney Lee,DAL,34,15,9,6,163,58,22,43,51.2,13,28,46.4,1,2,50,2,11,13,7,3,6,4,17,111.1,0,0,13
Jared Dudley,LAL,34,37,27,10,300,58,20,48,41.7,16,33,48.5,2,2,100,5,35,40,18,6,11,3,36,169,0,0,4
Terance Mann,LAC,23,35,22,13,271,56,22,54,40.7,3,12,25,9,12,75,4,29,33,38,14,8,5,36,177.6,0,0,6
Iman Shumpert,BKN,29,13,9,4,241,54,21,64,32.8,8,33,24.2,4,7,57.1,9,25,34,12,10,12,2,21,144.8,0,0,-52
Derrick Walton Jr.,DET,24,23,14,9,222,50,17,36,47.2,9,21,42.9,7,9,77.8,2,13,15,22,4,4,0,19,109,0,0,4
Kadeem Allen,NYK,27,10,3,7,117,50,19,44,43.2,5,16,31.3,7,11,63.6,2,7,9,21,8,5,2,7,105.3,0,0,-21
Kevon Looney,GSW,24,17,5,12,213,49,21,62,33.9,1,11,9.1,6,9,66.7,23,30,53,13,9,11,4,29,168.1,0,0,-87
Michael Kidd-Gilchrist,DAL,26,14,5,9,168,48,18,54,33.3,5,17,29.4,7,9,77.8,10,26,36,10,8,0,3,22,107.2,0,0,9
Chimezie Metu,SAS,22,16,7,9,73,46,20,35,57.1,0,1,0,6,8,75,10,16,26,6,5,1,4,4,96.2,0,0,12
Jaylen Nowell,MIN,20,10,2,8,117,46,16,44,36.4,3,23,13,11,12,91.7,3,7,10,13,3,0,1,6,77.5,0,0,4
Caleb Swanigan,POR,22,19,9,10,208,45,20,38,52.6,0,2,0,5,12,41.7,22,51,73,16,24,2,6,42,156.6,0,0,-59
Mfiondu Kabengele,LAC,22,12,9,3,64,42,14,32,43.8,9,20,45,5,5,100,1,10,11,2,2,2,2,9,68.2,0,0,-1
Norvel Pelle,PHI,27,17,10,7,170,42,18,33,54.5,0,0,0,6,12,50,15,43,58,7,13,1,25,36,187.1,0,0,-42
Tyrone Wallace,ATL,25,14,3,11,160,40,14,44,31.8,1,15,6.7,11,17,64.7,3,19,22,13,10,7,1,19,99.9,0,0,-32
Jaylen Hoard,POR,20,13,7,6,103,38,15,32,46.9,0,3,0,8,13,61.5,14,18,32,4,4,5,0,12,93.4,0,0,10
Juan Toscano-Anderson,GSW,26,5,0,5,100,38,16,28,57.1,5,9,55.6,1,1,100,1,20,21,11,6,6,3,7,100.7,0,0,-38
Oshae Brissett,TOR,21,19,15,4,135,37,13,36,36.1,3,15,20,8,10,80,9,17,26,7,7,4,1,18,86.7,0,0,34
Vincent Poirier,BOS,26,20,17,3,111,37,15,31,48.4,1,2,50,6,7,85.7,10,24,34,7,6,2,6,22,106.3,0,0,-7
Wenyen Gabriel,POR,22,20,6,14,145,37,13,34,38.2,2,13,15.4,9,14,64.3,11,15,26,4,8,5,5,23,96.2,0,0,-43
Jalen McDaniels,CHA,22,7,3,4,104,36,13,25,52,5,10,50,5,6,83.3,4,19,23,2,1,3,0,13,74.6,0,0,-17
DeMarre Carroll,HOU,33,16,8,8,148,35,9,29,31,3,13,23.1,14,22,63.6,9,25,34,15,13,2,2,20,97.3,0,0,19
Johnathan Williams,WAS,24,11,6,5,135,35,16,25,64,0,2,0,3,5,60,15,28,43,6,4,1,6,11,112.6,0,0,-47
Chris Chiozza,BKN,24,15,5,10,149,34,13,44,29.5,8,22,36.4,0,0,0,1,18,19,35,10,12,2,12,141.3,0,0,68
Tyson Chandler,HOU,37,26,15,11,219,34,14,18,77.8,0,0,0,6,13,46.2,25,41,66,6,8,6,8,32,156.2,0,0,30
Ed Davis,UTA,30,25,15,10,268,33,14,34,41.2,0,0,0,5,11,45.5,29,66,95,8,13,10,9,55,203,0,0,-88
Dragan Bender,GSW,22,8,7,1,111,32,12,29,41.4,6,14,42.9,2,5,40,2,23,25,12,5,0,6,16,93,0,0,45
Thanasis Antetokounmpo,MIL,27,15,13,2,61,30,13,23,56.5,0,3,0,4,9,44.4,6,1,7,6,5,2,1,9,51.4,0,0,-11
Dion Waiters,MIA,28,3,1,2,42,28,10,26,38.5,8,17,47.1,0,1,0,0,11,11,3,3,0,2,5,48.7,0,0,12
Johnathan Motley,LAC,24,13,8,5,41,28,11,15,73.3,1,1,100,5,7,71.4,3,7,10,8,5,3,0,6,56,0,0,3
Tremont Waters,BOS,22,9,7,2,73,28,10,28,35.7,2,15,13.3,6,6,100,0,7,7,10,8,5,2,10,64.4,0,0,21
Zach Collins,POR,22,3,2,1,86,27,9,19,47.4,3,7,42.9,6,6,100,4,8,12,6,6,0,2,11,50.4,0,0,19
Jeremy Pargo,GSW,33,3,0,3,44,25,11,22,50,3,7,42.9,0,1,0,1,2,3,8,4,1,0,8,39.6,0,0,0
Andre Iguodala,MIA,36,5,2,3,105,23,9,19,47.4,4,12,33.3,1,4,25,8,16,24,8,5,2,3,13,73.8,0,0,-12
Drew Eubanks,SAS,23,8,5,3,42,23,10,15,66.7,0,0,0,3,3,100,6,11,17,2,5,0,1,5,44.4,0,0,-39
Malcolm Miller,TOR,26,24,21,3,124,23,8,23,34.8,6,18,33.3,1,6,16.7,1,13,14,8,3,4,2,12,66.8,0,0,52
Stanley Johnson,TOR,23,19,15,4,95,23,8,30,26.7,2,13,15.4,5,6,83.3,3,19,22,8,8,4,2,10,71.4,0,0,-11
Caleb Martin,CHA,24,9,2,7,107,22,8,25,32,2,8,25,4,7,57.1,2,12,14,7,5,3,2,14,59.3,0,0,-11
Amir Coffey,LAC,22,7,2,5,67,20,9,20,45,1,5,20,1,3,33.3,2,8,10,4,2,1,1,6,42,0,0,9
Charles Brown Jr.,ATL,23,10,1,9,40,20,6,19,31.6,3,9,33.3,5,5,100,2,2,4,2,3,2,2,3,36.8,0,0,28
Louis King,DET,20,10,3,7,62,20,8,21,38.1,4,11,36.4,0,3,0,1,9,10,5,2,2,0,10,43.5,0,0,19
Juwan Morgan,UTA,22,15,10,5,68,19,9,16,56.3,1,4,25,0,0,0,5,14,19,2,3,0,1,7,44.8,0,0,26
Rayjon Tucker,UTA,22,13,10,3,75,19,8,19,42.1,0,6,0,3,5,60,2,10,12,2,3,1,0,7,36.4,0,0,-6
Tacko Fall,BOS,24,6,5,1,24,19,9,12,75,0,0,0,1,3,33.3,0,11,11,0,3,0,2,5,35.2,0,0,7
Tyler Cook,CLE,22,11,3,8,35,19,7,10,70,0,0,0,5,6,83.3,4,6,10,1,1,1,0,4,34.5,0,0,-14
Alize Johnson,IND,23,12,8,4,50,18,7,15,46.7,0,0,0,4,6,66.7,7,10,17,2,2,0,0,6,39.4,0,0,0
Melvin Frazier Jr.,ORL,23,14,4,10,48,18,6,17,35.3,4,7,57.1,2,4,50,1,3,4,1,2,4,2,8,40.3,0,0,4
Adam Mokoka,CHI,21,8,2,6,57,17,7,19,36.8,3,9,33.3,0,2,0,6,1,7,3,1,2,0,8,34.9,0,0,37
Ignas Brazdeikis,NYK,21,9,1,8,53,17,6,22,27.3,1,9,11.1,4,5,80,2,3,5,4,2,0,1,3,30,0,0,-12
Dean Wade,CLE,23,10,1,9,54,16,7,10,70,2,3,66.7,0,1,0,2,14,16,1,3,2,3,7,48.7,0,0,0
Yuta Watanabe,MEM,25,9,4,5,49,16,6,14,42.9,2,4,50,2,4,50,1,7,8,1,1,1,1,5,32.1,0,0,21
Amile Jefferson,ORL,26,18,5,13,74,15,5,14,35.7,0,0,0,5,14,35.7,10,13,23,4,3,1,3,7,57.6,0,0,18
Vlatko Cancar,DEN,22,11,6,5,38,15,5,11,45.5,1,5,20,4,4,100,3,5,8,3,3,1,1,6,32.1,0,0,1
Chandler Parsons,ATL,31,5,0,5,54,14,5,18,27.8,4,14,28.6,0,0,0,1,6,7,3,3,4,1,3,38.9,0,0,-40
Michael Frazier,HOU,25,8,5,3,66,14,4,11,36.4,2,8,25,4,6,66.7,1,2,3,1,2,2,0,13,23.1,0,0,-27
Naz Mitrou-Long,IND,26,3,2,1,43,14,6,16,37.5,2,11,18.2,0,0,0,0,6,6,7,2,1,1,1,35.7,0,0,18
BJ Johnson,ORL,24,8,4,4,46,13,5,18,27.8,1,6,16.7,2,2,100,1,5,6,2,3,2,0,0,26.2,0,0,-23
Justin Robinson,WAS,22,9,2,7,49,13,5,12,41.7,3,5,60,0,0,0,1,4,5,7,3,0,1,2,29.5,0,0,31
Keldon Johnson,SAS,20,5,1,4,25,13,6,15,40,0,1,0,1,2,50,2,4,6,3,1,0,0,2,23.7,0,0,4
Gabe Vincent,MIA,23,4,2,2,41,12,4,19,21.1,4,16,25,0,0,0,0,3,3,3,0,1,0,2,23.1,0,0,-3
Jarred Vanderbilt,MIN,20,11,6,5,47,12,5,8,62.5,0,1,0,2,2,100,3,6,9,2,7,3,1,6,30.8,0,0,-28
Jordan Bone,DET,22,10,3,7,53,12,5,20,25,2,10,20,0,0,0,0,4,4,8,2,1,0,6,29.8,0,0,0
Josh Magette,ORL,30,8,3,5,38,12,5,15,33.3,1,4,25,1,2,50,1,5,6,5,5,3,1,4,33.7,0,0,1
Moses Brown,POR,20,9,4,5,33,11,4,10,40,0,0,0,3,8,37.5,3,11,14,1,3,1,1,7,32.3,0,0,-33
Jalen Lecque,PHX,19,4,1,3,26,10,4,10,40,0,4,0,2,2,100,0,0,0,2,1,0,0,2,12,0,0,-22
Jonah Bolden,PHX,24,7,6,1,47,10,4,11,36.4,0,4,0,2,4,50,3,6,9,0,2,3,2,10,33.8,0,0,1
Zach Norvell Jr.,GSW,22,5,2,3,41,10,3,12,25,3,8,37.5,1,1,100,0,6,6,3,3,2,0,4,24.7,0,0,-27
Justin Patton,OKC,22,5,2,3,24,9,4,10,40,1,4,25,0,0,0,1,4,5,2,2,0,0,4,16,0,0,-16
Shamorie Ponds,TOR,21,4,4,0,11,9,3,5,60,1,2,50,2,2,100,0,1,1,2,0,0,1,2,16.2,0,0,0
Zhaire Smith,PHI,20,7,3,4,32,8,3,11,27.3,0,3,0,2,4,50,0,2,2,2,2,3,0,4,20.4,0,0,-10
DaQuan Jeffries,SAC,22,6,1,5,19,7,3,7,42.9,1,4,25,0,0,0,1,0,1,1,0,1,0,3,12.7,0,0,1
John Konchar,MEM,23,6,3,3,34,7,3,5,60,0,2,0,1,1,100,0,2,2,3,0,0,0,1,13.9,0,0,-3
KZ Okpala,MIA,20,5,2,3,26,7,3,5,60,0,1,0,1,2,50,1,4,5,1,1,2,1,2,22.5,0,0,-15
Eric Mika,SAC,25,1,0,1,19,6,2,3,66.7,0,0,0,2,2,100,2,5,7,0,0,0,0,5,14.4,0,0,8
Antonius Cleveland,DAL,26,6,4,2,22,5,2,6,33.3,0,1,0,1,2,50,0,3,3,0,1,1,1,2,13.6,0,0,-11
Devon Hall,OKC,24,5,3,2,20,5,1,5,20,0,2,0,3,4,75,0,1,1,3,1,0,0,1,9.7,0,0,20
Frank Mason,MIL,25,4,4,0,18,5,1,7,14.3,1,4,25,2,4,50,1,1,2,5,1,1,0,2,16.9,0,0,17
Max Strus,CHI,23,2,0,2,6,5,2,3,66.7,0,1,0,1,1,100,1,0,1,0,0,0,0,1,6.2,0,0,15
Ryan Anderson,HOU,31,2,1,1,14,5,2,7,28.6,1,5,20,0,0,0,0,7,7,2,1,1,0,1,18.4,0,0,7
Udonis Haslem,MIA,39,3,3,0,21,5,1,6,16.7,0,2,0,3,4,75,0,8,8,1,0,0,0,3,16.1,0,0,-14
Dewan Hernandez,TOR,23,4,4,0,11,4,1,5,20,0,1,0,2,2,100,2,5,7,0,1,1,0,6,14.4,0,0,1
Nigel Williams-Goss,UTA,25,9,5,4,28,4,1,7,14.3,0,2,0,2,2,100,2,3,5,5,2,1,1,2,21.5,0,0,7
Tariq Owens,PHX,24,3,0,3,15,4,1,5,20,0,2,0,2,2,100,2,1,3,0,0,1,0,1,10.6,0,0,-16
Zylan Cheatham,NOP,24,3,2,1,31,4,2,5,40,0,1,0,0,0,0,1,5,6,2,3,0,1,5,14.2,0,0,-30
Daryl Macon,MIA,24,4,4,0,14,3,1,3,33.3,1,2,50,0,0,0,0,0,0,1,2,0,0,1,2.5,0,0,0
Justin Anderson,BKN,26,3,2,1,17,3,1,6,16.7,0,3,0,1,2,50,0,2,2,0,0,0,1,2,8.4,0,0,-8
Marial Shayok,PHI,24,2,1,1,10,3,1,5,20,1,3,33.3,0,0,0,0,3,3,1,1,0,0,0,7.1,0,0,-10
Brian Bowen II,IND,21,3,2,1,10,2,1,4,25,0,1,0,0,0,0,0,1,1,0,0,0,1,0,6.2,0,0,3
Henry Ellenson,BKN,23,5,2,3,15,2,1,7,14.3,0,4,0,0,0,0,2,4,6,1,0,0,0,1,10.7,0,0,12
Jared Harper,PHX,22,3,1,2,8,2,1,4,25,0,2,0,0,0,0,0,0,0,0,0,0,0,0,2,0,0,-11
Jeremiah Martin,BKN,23,2,2,0,11,2,1,4,25,0,0,0,0,0,0,0,1,1,1,0,1,0,0,7.7,0,0,3
Josh Gray,NOP,26,2,1,1,23,2,1,2,50,0,0,0,0,0,0,1,1,2,2,5,0,0,1,2.4,0,0,-7
Kyle Guy,SAC,22,2,1,1,4,2,1,2,50,0,1,0,0,0,0,0,0,0,0,0,0,0,0,2,0,0,-3
Malik Newman,CLE,23,1,0,1,4,2,0,2,0,0,1,0,2,2,100,0,0,0,0,1,0,0,0,1,0,0,-3
Matt Mooney,CLE,23,2,0,2,5,2,1,2,50,0,1,0,0,0,0,0,1,1,1,0,0,1,1,7.7,0,0,2
Khyri Thomas,DET,23,2,1,1,6,1,0,0,0,0,0,0,1,2,50,0,0,0,0,0,0,0,0,1,0,0,-4
Paul Watson,TOR,25,5,3,2,26,1,0,8,0,0,4,0,1,2,50,0,4,4,5,0,1,1,1,19.3,0,0,11
Isaiah Roby,OKC,22,2,2,0,5,0,0,1,0,0,0,0,0,0,0,0,1,1,0,0,0,0,0,1.2,0,0,-6
J.P. Macura,CLE,24,1,1,0,1,0,0,0,0,0,0,0,0,0,0,0,0,0,0,0,0,0,0,0,0,0,3
Jarrell Brantley,UTA,23,3,0,3,11,0,0,0,0,0,0,0,0,0,0,0,5,5,1,1,0,2,1,12.5,0,0,5
Joe Chealey,CHA,24,1,0,1,3,0,0,1,0,0,1,0,0,0,0,0,0,0,0,0,0,0,0,0,0,0,-8
Josh Reaves,DAL,22,2,1,1,1,0,0,1,0,0,0,0,0,0,0,0,0,0,0,0,0,0,0,0,0,0,-5
Justin Wright-Foreman,UTA,22,1,0,1,2,0,0,0,0,0,0,0,0,0,0,0,0,0,0,0,0,0,0,0,0,0,2
Kevin Hervey,OKC,23,6,3,3,13,0,0,5,0,0,4,0,0,0,0,0,2,2,1,0,0,0,1,3.9,0,0,-4
Kostas Antetokounmpo,LAL,22,3,3,0,5,0,0,0,0,0,0,0,0,0,0,0,1,1,1,0,0,0,0,2.7,0,0,-2
Marques Bolden,CLE,21,1,0,1,3,0,0,0,0,0,0,0,0,0,0,0,2,2,0,0,1,0,1,5.4,0,0,4
Miye Oni,UTA,22,3,2,1,8,0,0,0,0,0,0,0,0,0,0,0,1,1,0,1,0,0,0,0.2,0,0,-12
Quinndary Weatherspoon,SAS,23,1,0,1,4,0,0,1,0,0,0,0,0,0,0,0,0,0,0,0,0,0,0,0,0,0,-3
Stanton Kidd,UTA,27,4,3,1,15,0,0,3,0,0,1,0,0,0,0,0,3,3,1,2,0,0,3,3.1,0,0,-1
Talen Horton-Tucker,LAL,19,2,1,1,5,0,0,1,0,0,1,0,0,0,0,0,0,0,2,0,1,0,0,6,0,0,-7
Vic Law,ORL,24,3,0,3,4,0,0,2,0,0,1,0,0,2,0,0,0,0,0,0,0,0,0,0,0,0,3
William Howard,HOU,26,2,1,1,13,0,0,4,0,0,4,0,0,0,0,0,2,2,1,1,0,0,1,2.9,0,0,-16